{
  "P3D": [
    {},
    [
      {
        "IntersectDSG": [
          {
            "Indices": [
              [
                3,
                0,
                1
              ],
              [
                4,
                0,
                2
              ],
              [
                4,
                2,
                5
              ],
              [
                6,
                2,
                7
              ]
            ],
            "Positions": [
              [
                492.9796447753906,
                -20.0,
                -307.1266174316406
              ],
              [
                492.9796447753906,
                -20.0,
                -300.0
              ],
              [
                499.0166015625,
                -20.0,
                -300.0
              ],
              [
                499.0166015625,
                -20.0,
                -300.0
              ],
              [
                500.0,
                -20.0,
                -307.1266174316406
              ],
              [
                500.0,
                -20.0,
                -300.8017272949219
              ],
              [
                500.0,
                -20.0,
                -300.8017272949219
              ],
              [
                500.0,
                -20.0,
                -300.0
              ]
            ],
            "Normals": [
              [
                0.0,
                1.0,
                0.0
              ],
              [
                0.0,
                1.0,
                0.0
              ],
              [
                0.0,
                1.0,
                -0.0
              ],
              [
                0.0,
                1.0,
                -0.0
              ]
            ]
          },
          []
        ]
      },
      {
        "IntersectDSG": [
          {
            "Indices": [
              [
                4,
                9,
                11
              ],
              [
                4,
                11,
                10
              ],
              [
                5,
                0,
                1
              ],
              [
                5,
                2,
                3
              ],
              [
                5,
                3,
                7
              ],
              [
                8,
                4,
                6
              ]
            ],
            "Positions": [
              [
                500.0,
                -20.0,
                -307.1266174316406
              ],
              [
                500.0,
                -20.0,
                -300.8017272949219
              ],
              [
                500.0,
                -20.0,
                -300.8017272949219
              ],
              [
                500.0,
                -20.0,
                -300.0
              ],
              [
                507.7580871582031,
                -20.0,
                -307.1266174316406
              ],
              [
                507.7580871582031,
                -20.0,
                -307.1266174316406
              ],
              [
                507.7580871582031,
                -20.0,
                -300.0
              ],
              [
                507.7580871582031,
                -20.0,
                -300.0
              ],
              [
                508.83935546875,
                -20.0,
                -300.0
              ],
              [
                508.83935546875,
                -20.0,
                -300.0
              ],
              [
                510.4049987792969,
                -20.0,
                -307.1266174316406
              ],
              [
                510.4049987792969,
                -20.0,
                -300.0
              ]
            ],
            "Normals": [
              [
                0.0,
                1.0,
                0.0
              ],
              [
                0.0,
                1.0,
                0.0
              ],
              [
                0.0,
                1.0,
                0.0
              ],
              [
                0.0,
                1.0,
                0.0
              ],
              [
                0.0,
                1.0,
                -0.0
              ],
              [
                0.0,
                1.0,
                0.0
              ]
            ]
          },
          []
        ]
      },
      {
        "IntersectDSG": [
          {
            "Indices": [
              [
                2,
                5,
                4
              ],
              [
                6,
                0,
                7
              ],
              [
                6,
                3,
                0
              ],
              [
                8,
                0,
                1
              ],
              [
                8,
                1,
                9
              ]
            ],
            "Positions": [
              [
                492.9796447753906,
                -20.0,
                -300.0
              ],
              [
                492.9796447753906,
                -20.0,
                -289.68072509765625
              ],
              [
                499.0166015625,
                -20.0,
                -300.0
              ],
              [
                499.0166015625,
                -20.0,
                -300.0
              ],
              [
                500.0,
                -20.0,
                -300.0
              ],
              [
                500.0,
                -20.0,
                -298.839111328125
              ],
              [
                500.0,
                -20.0,
                -298.839111328125
              ],
              [
                500.0,
                -20.0,
                -295.0979309082031
              ],
              [
                500.0,
                -20.0,
                -295.0979309082031
              ],
              [
                500.0,
                -20.0,
                -289.68072509765625
              ]
            ],
            "Normals": [
              [
                0.0,
                1.0,
                0.0
              ],
              [
                0.0,
                1.0,
                -0.0
              ],
              [
                0.0,
                1.0,
                0.0
              ],
              [
                0.0,
                1.0,
                0.0
              ],
              [
                0.0,
                1.0,
                -0.0
              ]
            ]
          },
          []
        ]
      },
      {
        "IntersectDSG": [
          {
            "Indices": [
              [
                1,
                7,
                0
              ],
              [
                1,
                9,
                7
              ],
              [
                8,
                10,
                6
              ],
              [
                8,
                13,
                10
              ],
              [
                9,
                2,
                3
              ],
              [
                9,
                4,
                5
              ],
              [
                11,
                13,
                12
              ]
            ],