{
  "P3D": [
    {},
    [
      {
        "IntersectDSG": [
          {
            "Indices": [
              [
                2,
                0,
                3
              ],
              [
                4,
                0,
                1
              ],
              [
                4,
                1,
                5
              ]
            ],
            "Positions": [
              [
                495.02081298828125,
                -20.0,
                -401.0
              ],
              [
                495.02081298828125,
                -20.0,
                -400.0
              ],
              [
                500.0,
                -20.0,
                -401.0
              ],
              [
                500.0,
                -20.0,
                -400.2554626464844
              ],
              [
                500.0,
                -20.0,
                -400.2554626464844
              ],
              [
                500.0,
                -20.0,
                -400.0
              ]
            ],
            "Normals": [
              [
                0.0,
                1.0,
                -0.0
              ],
              [
                0.0,
                1.0,
                0.0
              ],
              [
                0.0,
                1.0,
                -0.0
              ]
            ]
          },
          []
        ]
      },
      {
        "IntersectDSG": [
          {
            "Indices": [
              [
                3,
                0,
                1
              ],
              [
                3,
                4,
                0
              ],
              [
                4,
                2,
                5
              ],
              [
                11,
                6,
                7
              ],
              [
                11,
                8,
                9
              ],
              [
                11,
                12,
                6
              ],
              [
                13,
                12,
                10
              ]
            ],
            "Positions": [
              [
                502.96234130859375,
                -20.0,
                -401.0
              ],
              [
                502.96234130859375,
                -20.0,
                -400.0
              ],
              [
                509.8900146484375,
                -20.0,
                -400.0
              ],
              [
                509.8900146484375,
                -20.0,
                -400.0
              ],
              [
                511.1888427734375,
                -20.0,
                -401.0
              ],
              [
                511.1888427734375,
                -20.0,
                -400.0
              ],
              [
                500.0,
                -20.0,
                -401.0
              ],
              [
                500.0,
                -20.0,
                -400.2554626464844
              ],
              [
                500.0,
                -20.0,
                -400.2554626464844
              ],
              [
                500.0,
                -20.0,
                -400.0
              ],
              [
                501.70849609375,
                -20.0,
                -400.0
              ],
              [
                501.70849609375,
                -20.0,
                -400.0
              ],
              [
                502.96234130859375,
                -20.0,
                -401.0
              ],
              [
                502.96234130859375,
                -20.0,
                -400.0
              ]
            ],
            "Normals": [
              [
                0.0,
                1.0,
                0.0
              ],
              [
                0.0,
                1.0,
                0.0
              ],
              [
                0.0,
                1.0,
                -0.0
              ],
              [
                0.0,
                1.0,
                0.0
              ],
              [
                0.0,
                1.0,
                0.0
              ],
              [
                0.0,
                1.0,
                0.0
              ],
              [
                0.0,
                1.0,
                0.0
              ]
            ]
          },
          []
        ]
      },
      {
        "IntersectDSG": [
          {
            "Indices": [
              [
                1,
                2,
                0
              ],
              [
                1,
                3,
                2
              ],
              [
                4,
                1,
                5
              ],
              [
                6,
                7,
                9
              ],
              [
                6,
                9,
                13
              ],
              [
                6,
                13,
                12
              ],
              [
                7,
                8,
                11
              ],
              [
                8,
                18,
                11
              ],
              [
                8,
                19,
                18
              ],
              [
                10,
                11,
                16
              ],
              [
                10,
                16,
                14
              ],
              [
                11,
                9,
                7
              ],
              [
                11,
                18,
                17
              ],
              [
                15,
                11,
                17
              ]
            ],